Keyword,Intent,Volume,Keyword Difficulty,CPC (USD),SERP Features
dol industry-driven skills training fund,"Informational, Transactional",40500,27,0.00,"Video, People also ask, Related searches"
skills and slots,Navigational,40500,17,7.45,"Sitelinks, Video, Related searches"
citizen manual 1: individual tactical skills,Informational,27100,24,0.00,"Video, Knowledge panel, Related searches"
federal skilled worker class,Informational,27100,26,11.18,"Sitelinks, AI Overview, Reviews, Video, Video carousel, Short videos, People also ask, Related searches"
skills for resume,"Informational, Commercial",27100,29,0.20,"Sitelinks, AI Overview, Reviews, Video, Video carousel, People also ask, Discussions and forums, Related searches"
skills to put on resume,"Informational, Commercial",22200,27,0.09,"Sitelinks, AI Overview, Reviews, Video, People also ask, Discussions and forums, Related searches"
arc raiders skill tree,Informational,14800,26,0.02,"Sitelinks, AI Overview, Image, Video, Short videos, Discussions and forums, Related searches"
osrs skill calc,Navigational,12100,16,0.00,"Sitelinks, Video, Related searches"
dialektisch behaviorale therapie skills,Informational,9900,22,1.35,"Sitelinks, AI Overview, Video, People also ask, Related searches"
fancyai skills,Informational,9900,23,0.00,"Sitelinks, AI Overview, Video, Related searches"
foundation skills assessment,Informational,9900,15,1.63,"AI Overview, Video, Video carousel, People also ask, Discussions and forums, Related searches"
skills to put on a resume,"Informational, Commercial",9900,19,0.09,"Sitelinks, AI Overview, Reviews, Video, Video carousel, People also ask, Discussions and forums, Related searches"
skill machine,Commercial,8100,23,8.63,"Sitelinks, Video, Video carousel, People also ask, Discussions and forums, Related searches, Popular products"
autocratic leadership skills,Informational,6600,26,0.27,"Sitelinks, AI Overview, Reviews, Video, Video carousel, People also ask, Related searches"
best arc raiders skill tree,"Informational, Commercial",6600,27,0.02,"Sitelinks, AI Overview, Image, Video, Video carousel, Short videos, Discussions and forums, Related searches"
industry driven skills training fund,Informational,6600,24,0.00,"AI Overview, Video, People also ask, Related searches"
soccer skills,Informational,6600,24,0.24,"AI Overview, Video, Video carousel, Short videos, People also ask, Discussions and forums, Related searches, Things to know"
tournament skills,Navigational,6600,29,24.95,"Sitelinks, Video, Discussions and forums, Related searches"
workplace skills plan,Informational,6600,17,0.64,"AI Overview, Reviews, Video, People also ask, Related searches"
hard skills examples,"Informational, Commercial",5400,25,0.06,"Sitelinks, AI Overview, Reviews, Image, Video, People also ask, Related searches"
resume skills,"Informational, Commercial",5400,28,0.32,"Sitelinks, AI Overview, Reviews, Video, People also ask, Related searches"
skill saw blades,"Informational, Commercial",5400,23,0.28,"Sitelinks, AI Overview, Image, Image pack, Video, People also ask, Related searches, Popular products"
skills and slots login,"Navigational, Transactional",5400,18,6.21,Related searches
skillset synonym,"Informational, Commercial",5400,27,0.85,"AI Overview, People also ask, Related searches"
soccer skills euro cup,"Informational, Transactional",5400,19,0.10,"AI Overview, Reviews, Video, People also ask, Knowledge panel, Related searches"
thinking skills assessment,Informational,5400,20,1.41,"AI Overview, Reviews, Video, Video carousel, People also ask, Related searches, Ads bottom"
distress tolerance skills,"Informational, Commercial",4400,29,1.20,"AI Overview, Image pack, Video, Video carousel, People also ask, Related searches, Things to know, Ads bottom"
dnd skills,Informational,4400,15,0.00,"Sitelinks, AI Overview, Image pack, Video, Video carousel, People also ask, Related searches, Things to know"
international skills development,Navigational,4400,22,2.52,"Sitelinks, Video, People also ask, Knowledge panel, Related searches"
liveabout employment skills,Informational,4400,19,0.00,"Sitelinks, Video, People also ask, Related searches"
skills drill 1-3 proper telephone etiquette,Informational,4400,18,0.00,"AI Overview, Reviews, Video, Video carousel, People also ask, Related searches"
skills spain,Informational,4400,22,0.00,"Image, Video, Video carousel, People also ask, Discussions and forums, Related searches"
skills to add to resume,"Informational, Commercial",4400,28,0.10,"Sitelinks, AI Overview, Reviews, Video, Video carousel, People also ask, Discussions and forums, Related searches"
skills.sh,Informational,4400,26,10.09,"Sitelinks, AI Overview, Reviews, Video, People also ask"
tfue skill tree,Informational,4400,29,0.00,"Image, Image pack, Video, Short videos, Related searches"
tipp skills,Informational,4400,26,1.90,"AI Overview, Image pack, Video, Video carousel, People also ask, Related searches, Things to know"
borderlands 4 skill trees,Informational,3600,29,0.00,"Sitelinks, AI Overview, Image, Video, Video carousel, People also ask, Discussions and forums, Related searches"
list of skills,Informational,3600,20,0.07,"AI Overview, Reviews, Image pack, Video, People also ask, Related searches"
monetary skills,Informational,3600,23,4.36,"AI Overview, Video, Video carousel, Related searches"
osrs skill calculator,Informational,3600,17,0.00,"Sitelinks, Video, Related searches"
percent skill lyrics,Informational,3600,26,0.00,"Sitelinks, AI Overview, Video, Video carousel, People also ask, Related searches"
skilla baby shot,Informational,3600,26,0.00,"AI Overview, Image, Video"
skills for a resume,"Informational, Commercial",3600,24,0.20,"Sitelinks, AI Overview, Reviews, Video, People also ask, Discussions and forums, Related searches"
skills resume,"Informational, Commercial",3600,26,0.27,"Sitelinks, AI Overview, Reviews, Video, Video carousel, People also ask, Related searches"
skills to add on resume,"Informational, Commercial",3600,27,0.09,"Sitelinks, AI Overview, Reviews, Video, People also ask, Discussions and forums, Related searches"
ui-ux-pro-max-skill,Navigational,3600,22,6.65,"Sitelinks, Reviews, Video, Video carousel, Discussions and forums, Related searches"
uma musume skills,Informational,3600,24,0.00,"Sitelinks, Image, Video, Video carousel, Discussions and forums, Related searches"
uma skills,Informational,3600,22,0.00,"Sitelinks, AI Overview, Video, Video carousel, People also ask, Discussions and forums, Related searches"
applied digital skills,Informational,2900,16,5.02,"AI Overview, Video, Video carousel, People also ask, Related searches"
arc raider skill tree,Informational,2900,29,0.02,"Sitelinks, AI Overview, Image, Image pack, Video, Video carousel, Short videos, Discussions and forums, Related searches"
arc raiders skill tree builder,Informational,2900,27,0.00,"Sitelinks, AI Overview, Video, Video carousel, Short videos, Discussions and forums, Related searches"
blackrock skilled trades investment,Informational,2900,25,3.23,"AI Overview, Video, People also ask, Discussions and forums, Related searches"
computer skills for resume,Informational,2900,27,0.26,"Sitelinks, AI Overview, Reviews, Image pack, Video, People also ask, Related searches"
dbt stop skill,Informational,2900,22,0.98,"Sitelinks, AI Overview, Image pack, Video, Video carousel, People also ask, Related searches, Things to know"
dbt tipp skills,Informational,2900,17,0.00,"AI Overview, Image pack, Video, Video carousel, People also ask, Related searches"
dewalt skill saw,Commercial,2900,22,0.24,"Sitelinks, Reviews, Image, Video, Video carousel, People also ask, Discussions and forums, Related searches, Popular products, Things to know"
examples of hard skills,"Informational, Commercial",2900,20,0.06,"Sitelinks, AI Overview, Reviews, Video, People also ask, Discussions and forums, Related searches"
good skills to have on resume,"Informational, Commercial",2900,29,0.33,"Sitelinks, AI Overview, Reviews, Video, Video carousel, People also ask, Discussions and forums, Related searches"
good skills to put on resume,"Informational, Commercial",2900,24,0.33,"Sitelinks, AI Overview, Reviews, Video, People also ask, Discussions and forums, Related searches"
hero without a class who even needs skills,Informational,2900,28,2.36,"Sitelinks, Reviews, Image, Video, Video carousel, Short videos, People also ask, Knowledge panel, Discussions and forums, Related searches"
how to improve leadership skills,Informational,2900,25,2.63,"AI Overview, Video, Video carousel, People also ask, Related searches"
how to improve management skills,Informational,2900,20,2.17,"Sitelinks, AI Overview, Reviews, Video, Video carousel, People also ask, Discussions and forums, Related searches"
i got a cheat skill in another world season 2,Informational,2900,24,2.77,"Sitelinks, AI Overview, Reviews, Video, Video carousel, People also ask, Discussions and forums, Related searches"
resume skills for,Informational,2900,19,0.20,"Sitelinks, AI Overview, Reviews, Image pack, Video, People also ask, Discussions and forums, Related searches"
sims 4 skills cheats,Informational,2900,25,0.02,"Sitelinks, AI Overview, Image, Image pack, Video, Related searches"
skill a week,Informational,2900,27,1.38,"Sitelinks, AI Overview, Video, Video carousel, People also ask, Related searches"
skill machine net,Navigational,2900,20,4.47,"Sitelinks, Video, Related searches"
skill tree arc raiders,Informational,2900,29,0.02,"Video, Video carousel, People also ask, Discussions and forums, Related searches"
skills on a resume,"Informational, Commercial",2900,18,0.20,"Sitelinks, AI Overview, Reviews, Video, People also ask, Discussions and forums, Related searches"
skills to include on resume,"Informational, Commercial",2900,25,0.10,"Sitelinks, AI Overview, Reviews, Video, People also ask, Discussions and forums, Related searches"
skills to list on resume,"Informational, Commercial",2900,28,0.10,"Sitelinks, AI Overview, Reviews, Video, People also ask, Discussions and forums, Related searches"
skillset or skill set,"Informational, Commercial",2900,26,0.00,"AI Overview, Reviews, Video, People also ask, Related searches, Things to know"
soft skills and hard skills,"Informational, Commercial",2900,26,0.43,"Sitelinks, AI Overview, Reviews, Image pack, Video, Short videos, People also ask, Discussions and forums, Related searches"
stop skill dbt,Informational,2900,20,0.00,"Sitelinks, AI Overview, Image pack, Video, Video carousel, Related searches, Things to know, Ads top, Ads bottom"
uma musume skill tier list,"Informational, Commercial",2900,23,0.00,"Sitelinks, Reviews, Image, Image pack, Video, Video carousel, People also ask, Related searches"
what are some skills to put on a resume,"Informational, Commercial",2900,26,0.21,"Sitelinks, AI Overview, Reviews, Video, Short videos, People also ask, Discussions and forums, Related searches, Ads top, Ads bottom"
arc radiers skill tree,Informational,2400,18,0.00,"Sitelinks, AI Overview, Video, Video carousel, Short videos, People also ask, Discussions and forums, Related searches"
arc raiders skill tree build,Informational,2400,24,0.02,"Sitelinks, Image, Video, Video carousel, Discussions and forums, Related searches"
assisted living vs skilled nursing,Commercial,2400,19,3.88,"AI Overview, Video, People also ask, Discussions and forums, Related searches, Ads top, Ads bottom"
cna skills,Informational,2400,24,1.12,"AI Overview, Reviews, Video, Video carousel, Short videos, People also ask, Related searches"
dnd skills list,Informational,2400,15,0.00,"Sitelinks, AI Overview, Image pack, Video, Video carousel, Related searches"
examples of skills to put on a resume,Informational,2400,29,0.10,"Sitelinks, AI Overview, Reviews, Video, People also ask, Related searches"
fine motor skills activities,Informational,2400,17,0.81,"AI Overview, Reviews, Video, People also ask, Related searches"
fine motor skills toys,"Informational, Commercial",2400,18,0.42,"Sitelinks, AI Overview, Image, Video, Related searches, Popular products"
hard skills for resume,Informational,2400,21,0.12,"Sitelinks, AI Overview, Reviews, Video, Video carousel, People also ask, Related searches"
isekai kita no de special skill,Informational,2400,15,0.00,"AI Overview, Reviews, Image pack"
life skills autism academy,"Navigational, Transactional",2400,20,3.80,"Sitelinks, People also ask, Local pack, Related searches"
monoco skill tree,Informational,2400,22,0.00,"Sitelinks, Reviews, Image, Image pack, Video, Video carousel, Short videos, Discussions and forums, Related searches"
my unique skill makes me op even at level 1,"Informational, Transactional",2400,27,1.39,"Sitelinks, Reviews, Image, Video carousel, People also ask, Knowledge panel, Related searches, See results about"
name 3 soft skills you excel at.,Informational,2400,28,0.00,"AI Overview, Reviews, Video, Video carousel, People also ask, Related searches"
nursing skills,Informational,2400,26,1.47,"Sitelinks, AI Overview, Reviews, Video, Video carousel, People also ask, Discussions and forums, Related searches"
old runescape skill calculator,Informational,2400,26,0.00,"Sitelinks, Reviews, Video, Related searches"
protech skills institute,Informational,2400,15,4.45,"AI Overview, Related searches"
puget sound skills center,Navigational,2400,20,3.02,"Sitelinks, Reviews, Video, Knowledge panel, Related searches"
refusal skills,"Informational, Commercial",2400,25,0.00,"AI Overview, Image pack, Video, People also ask, Related searches"
sciel double damage skill,Informational,2400,29,0.00,"Sitelinks, AI Overview, Reviews, Image, Video, Video carousel, People also ask, Related searches"
skill saw guide,"Informational, Commercial",2400,25,0.35,"Sitelinks, AI Overview, Image, Video, Video carousel, People also ask, Discussions and forums, Related searches"
skill set or skillset,Informational,2400,22,0.00,"AI Overview, Reviews, Video, People also ask, Related searches"
skill.sh,Informational,2400,22,10.09,"Sitelinks, AI Overview, Reviews, Video, Video carousel, Short videos"
skillando,Navigational,2400,23,0.00,"Sitelinks, Reviews, Video, Knowledge panel"
