Keyword,Intent,Relevance,Volume,Keyword Difficulty,CPC (USD),SERP Features
datacamp tableau,Navigational,64,210,29,0.00,"Sitelinks, Reviews, Video, Related searches"
alison courses excel,Navigational,64,170,24,0.06,"Sitelinks, Reviews, Video, Video carousel, People also ask, Related searches"
unacademy english speaking course,"Navigational, Transactional",63,110,26,0.22,"Video, People also ask, Related searches"
pluralsight vs udemy,"Informational, Commercial",61,110,15,0.00,"Sitelinks, AI Overview, Reviews, Video, People also ask, Related searches"
udemy vs coursera,"Informational, Commercial",59,880,23,0.71,"Sitelinks, AI Overview, Video, Video carousel, People also ask, Related searches"
coursera or udemy,Informational,58,140,21,0.26,"Sitelinks, AI Overview, Video, Video carousel, People also ask, Related searches"
which is better coursera or udemy,"Informational, Commercial",54,260,22,0.00,"Sitelinks, AI Overview, Video, Video carousel, People also ask, Related searches"
is udemy certificate valid,Informational,53,590,26,0.00,"Sitelinks, AI Overview, Video, Video carousel, People also ask, Related searches"
udemy or coursera which is better,Informational,53,170,20,1.89,"Sitelinks, AI Overview, Video, Video carousel, People also ask, Related searches"
which is better udemy or coursera,"Informational, Commercial",52,260,23,0.00,"Sitelinks, AI Overview, Video, Video carousel, People also ask, Related searches"
coursera or udemy which is better,Informational,51,140,20,0.00,"Sitelinks, AI Overview, Video, Video carousel, People also ask, Related searches"
is udemy course worth it,Informational,51,140,28,0.00,"Sitelinks, AI Overview, Reviews, Video, Video carousel, Short videos, People also ask, Related searches"
data entry course online free,"Informational, Commercial",50,320,19,0.02,"AI Overview, Reviews, Video, Video carousel, People also ask, Discussions and forums, Related searches"
electronics classes near me,"Informational, Transactional",50,320,16,0.21,"AI Overview, Video, People also ask, Knowledge panel, Related searches"
free online electronics courses with certification,"Informational, Commercial",50,170,27,0.08,"Sitelinks, AI Overview, Video, Discussions and forums, Related searches"
